term,subreddit,before,after,hits,submission,hit_type
,uci,1675238400000,1672560000000,6045,0,eq
,uci,1672560000000,1669881600000,5419,0,eq
,uci,1669881600000,1667286000000,7418,0,eq
,uci,1667286000000,1664607600000,7503,0,eq
,uci,1664607600000,1662015600000,9455,0,eq
,uci,1662015600000,1659337200000,7270,0,eq
,uci,1659337200000,1656658800000,5737,0,eq
,uci,1656658800000,1654066800000,7614,0,eq
,uci,1654066800000,1651388400000,8699,0,eq
,uci,1651388400000,1648796400000,8349,0,eq
,uci,1648796400000,1646121600000,9381,0,eq
,uci,1646121600000,1643702400000,6727,0,eq
,uci,1643702400000,1641024000000,9960,0,eq
,uci,1641024000000,1638345600000,6741,0,eq
,uci,1638345600000,1635750000000,7644,0,eq
,uci,1635750000000,1633071600000,7109,0,eq
,uci,1633071600000,1630479600000,8984,0,eq
,uci,1630479600000,1627801200000,5896,0,eq
,uci,1627801200000,1625122800000,5727,0,eq
,uci,1625122800000,1622530800000,4762,0,eq
,uci,1622530800000,1619852400000,6135,0,eq
,uci,1619852400000,1617260400000,6962,0,eq
,uci,1617260400000,1614585600000,6801,0,eq
,uci,1614585600000,1612166400000,3717,0,eq
,uci,1612166400000,1609488000000,4688,0,eq
,uci,1609488000000,1606809600000,5693,0,eq
,uci,1606809600000,1604214000000,4827,0,eq
,uci,1604214000000,1601535600000,5479,0,eq
,uci,1601535600000,1598943600000,8009,0,eq
,uci,1598943600000,1596265200000,6948,0,eq
,uci,1596265200000,1593586800000,6149,0,eq
,uci,1593586800000,1590994800000,7568,0,eq
,uci,1590994800000,1588316400000,7912,0,eq
,uci,1588316400000,1585724400000,7211,0,eq
,uci,1585724400000,1583049600000,11174,0,eq
,uci,1583049600000,1580544000000,4910,0,eq
,uci,1580544000000,1577865600000,5530,0,eq
,uci,1577865600000,1575187200000,5045,0,eq
,uci,1575187200000,1572591600000,5355,0,eq
,uci,1572591600000,1569913200000,5939,0,eq
,uci,1569913200000,1567321200000,6384,0,eq
,uci,1567321200000,1564642800000,4760,0,eq
,uci,1564642800000,1561964400000,4445,0,eq
,uci,1561964400000,1559372400000,5553,0,eq
,uci,1559372400000,1556694000000,7004,0,eq
,uci,1556694000000,1554102000000,6255,0,eq
,uci,1554102000000,1551427200000,7971,0,eq
,uci,1551427200000,1549008000000,5091,0,eq
,uci,1549008000000,1546329600000,5796,0,eq
,uci,1546329600000,1543651200000,5231,0,eq
,uci,1543651200000,1541055600000,5867,0,eq
,uci,1541055600000,1538377200000,6545,0,eq
,uci,1538377200000,1535785200000,5391,0,eq
,uci,1535785200000,1533106800000,3776,0,eq
,uci,1533106800000,1530428400000,4254,0,eq
,uci,1530428400000,1527836400000,5402,0,eq
,uci,1527836400000,1525158000000,6467,0,eq
,uci,1525158000000,1522566000000,77,0,eq
,uci,1522566000000,1519891200000,12,0,eq
,uci,1519891200000,1517472000000,4260,0,eq
,uci,1517472000000,1514793600000,4327,0,eq
,uci,1514793600000,1512115200000,4429,0,eq
,uci,1512115200000,1509519600000,3957,0,eq
,uci,1509519600000,1506841200000,3953,0,eq
,uci,1506841200000,1504249200000,3246,0,eq
,uci,1504249200000,1501570800000,2262,0,eq
,uci,1501570800000,1498892400000,2321,0,eq
,uci,1498892400000,1496300400000,2031,0,eq
,uci,1496300400000,1493622000000,2410,0,eq
,uci,1493622000000,1491030000000,2655,0,eq
,uci,1491030000000,1488355200000,3200,0,eq
,uci,1488355200000,1485936000000,2355,0,eq
,uci,1485936000000,1483257600000,1512,0,eq
,uci,1483257600000,1480579200000,901,0,eq
,uci,1480579200000,1477983600000,832,0,eq
,uci,1477983600000,1475305200000,976,0,eq
,uci,1475305200000,1472713200000,1545,0,eq
,uci,1472713200000,1470034800000,896,0,eq
,uci,1470034800000,1467356400000,558,0,eq
,uci,1467356400000,1464764400000,637,0,eq
,uci,1464764400000,1462086000000,860,0,eq
,uci,1462086000000,1459494000000,1022,0,eq
,uci,1459494000000,1456819200000,729,0,eq
,uci,1456819200000,1454313600000,434,0,eq
,uci,1454313600000,1451635200000,357,0,eq
,uci,1451635200000,1448956800000,356,0,eq
,uci,1448956800000,1446361200000,430,0,eq
,uci,1446361200000,1443682800000,530,0,eq
,uci,1443682800000,1441090800000,749,0,eq
,uci,1441090800000,1438412400000,578,0,eq
,uci,1438412400000,1435734000000,494,0,eq
,uci,1435734000000,1433142000000,415,0,eq
,uci,1433142000000,1430463600000,584,0,eq
,uci,1430463600000,1427871600000,571,0,eq
,uci,1427871600000,1425196800000,1040,0,eq
,uci,1425196800000,1422777600000,53,0,eq
,uci,1422777600000,1420099200000,197,0,eq
,uci,1420099200000,1417420800000,318,0,eq
,uci,1417420800000,1414825200000,390,0,eq
,uci,1414825200000,1412146800000,470,0,eq
,uci,1412146800000,1409554800000,663,0,eq
,uci,1409554800000,1406876400000,507,0,eq
,uci,1406876400000,1404198000000,394,0,eq
,uci,1404198000000,1401606000000,391,0,eq
,uci,1401606000000,1398927600000,534,0,eq
,uci,1398927600000,1396335600000,565,0,eq
,uci,1396335600000,1393660800000,671,0,eq
,uci,1393660800000,1391241600000,338,0,eq
,uci,1391241600000,1388563200000,304,0,eq
,uci,1388563200000,1385884800000,119,0,eq
,uci,1385884800000,1383289200000,227,0,eq
,uci,1383289200000,1380610800000,436,0,eq
,uci,1380610800000,1378018800000,361,0,eq
,uci,1378018800000,1375340400000,366,0,eq
,uci,1375340400000,1372662000000,328,0,eq
,uci,1372662000000,1370070000000,338,0,eq
,uci,1370070000000,1367391600000,520,0,eq
,uci,1367391600000,1364799600000,862,0,eq
,uci,1364799600000,1362124800000,368,0,eq
,uci,1362124800000,1359705600000,315,0,eq
,uci,1359705600000,1357027200000,297,0,eq
,uci,1357027200000,1354348800000,253,0,eq
,uci,1354348800000,1351753200000,276,0,eq
,uci,1351753200000,1349074800000,704,0,eq
,uci,1349074800000,1346482800000,411,0,eq
,uci,1346482800000,1343804400000,224,0,eq
,uci,1343804400000,1341126000000,271,0,eq
,uci,1341126000000,1338534000000,299,0,eq
,uci,1338534000000,1335855600000,594,0,eq
,uci,1335855600000,1333263600000,570,0,eq
,uci,1333263600000,1330588800000,281,0,eq
,uci,1330588800000,1328083200000,427,0,eq
,uci,1328083200000,1325404800000,373,0,eq
,uci,1325404800000,1322726400000,245,0,eq
,uci,1322726400000,1320130800000,330,0,eq
,uci,1320130800000,1317452400000,402,0,eq
,uci,1317452400000,1314860400000,328,0,eq
,uci,1314860400000,1312182000000,361,0,eq
,uci,1312182000000,1309503600000,109,0,eq
,uci,1309503600000,1306911600000,91,0,eq
,uci,1306911600000,1304233200000,198,0,eq
,uci,1304233200000,1301641200000,86,0,eq
,uci,1301641200000,1298966400000,60,0,eq
,uci,1298966400000,1296547200000,35,0,eq
,uci,1296547200000,1293868800000,47,0,eq
,uci,1293868800000,1291190400000,97,0,eq
,uci,1291190400000,1288594800000,93,0,eq
,uci,1288594800000,1285916400000,66,0,eq
,uci,1285916400000,1283324400000,14,0,eq
,uci,1283324400000,1280646000000,6,0,eq
,uci,1280646000000,1277967600000,0,0,eq
,uci,1277967600000,1275375600000,0,0,eq
,uci,1275375600000,1272697200000,0,0,eq
,uci,1272697200000,1270105200000,0,0,eq
,uci,1270105200000,1267430400000,0,0,eq
,uci,1267430400000,1265011200000,0,0,eq
,uci,1265011200000,1262332800000,0,0,eq
sports,uci,1675238400000,1672560000000,5,0,eq
sports,uci,1672560000000,1669881600000,4,0,eq
sports,uci,1669881600000,1667286000000,1,0,eq
sports,uci,1667286000000,1664607600000,12,0,eq
sports,uci,1664607600000,1662015600000,8,0,eq
sports,uci,1662015600000,1659337200000,15,0,eq
sports,uci,1659337200000,1656658800000,11,0,eq
sports,uci,1656658800000,1654066800000,9,0,eq
sports,uci,1654066800000,1651388400000,9,0,eq
sports,uci,1651388400000,1648796400000,10,0,eq
sports,uci,1648796400000,1646121600000,13,0,eq
sports,uci,1646121600000,1643702400000,5,0,eq
sports,uci,1643702400000,1641024000000,8,0,eq
sports,uci,1641024000000,1638345600000,8,0,eq
sports,uci,1638345600000,1635750000000,9,0,eq
sports,uci,1635750000000,1633071600000,13,0,eq
sports,uci,1633071600000,1630479600000,11,0,eq
sports,uci,1630479600000,1627801200000,6,0,eq
sports,uci,1627801200000,1625122800000,2,0,eq
sports,uci,1625122800000,1622530800000,1,0,eq
sports,uci,1622530800000,1619852400000,6,0,eq
sports,uci,1619852400000,1617260400000,7,0,eq
sports,uci,1617260400000,1614585600000,5,0,eq
sports,uci,1614585600000,1612166400000,2,0,eq
sports,uci,1612166400000,1609488000000,2,0,eq
sports,uci,1609488000000,1606809600000,1,0,eq
sports,uci,1606809600000,1604214000000,6,0,eq
sports,uci,1604214000000,1601535600000,9,0,eq
sports,uci,1601535600000,1598943600000,6,0,eq
sports,uci,1598943600000,1596265200000,4,0,eq
sports,uci,1596265200000,1593586800000,0,0,eq
sports,uci,1593586800000,1590994800000,6,0,eq
sports,uci,1590994800000,1588316400000,8,0,eq
sports,uci,1588316400000,1585724400000,6,0,eq
sports,uci,1585724400000,1583049600000,12,0,eq
sports,uci,1583049600000,1580544000000,4,0,eq
sports,uci,1580544000000,1577865600000,5,0,eq
sports,uci,1577865600000,1575187200000,4,0,eq
sports,uci,1575187200000,1572591600000,3,0,eq
sports,uci,1572591600000,1569913200000,9,0,eq
sports,uci,1569913200000,1567321200000,5,0,eq
sports,uci,1567321200000,1564642800000,5,0,eq
sports,uci,1564642800000,1561964400000,9,0,eq
sports,uci,1561964400000,1559372400000,2,0,eq
sports,uci,1559372400000,1556694000000,3,0,eq
sports,uci,1556694000000,1554102000000,7,0,eq
sports,uci,1554102000000,1551427200000,12,0,eq
sports,uci,1551427200000,1549008000000,4,0,eq
sports,uci,1549008000000,1546329600000,5,0,eq
sports,uci,1546329600000,1543651200000,4,0,eq
sports,uci,1543651200000,1541055600000,10,0,eq
sports,uci,1541055600000,1538377200000,5,0,eq
sports,uci,1538377200000,1535785200000,11,0,eq
sports,uci,1535785200000,1533106800000,2,0,eq
sports,uci,1533106800000,1530428400000,7,0,eq
sports,uci,1530428400000,1527836400000,2,0,eq
sports,uci,1527836400000,1525158000000,11,0,eq
sports,uci,1525158000000,1522566000000,1,0,eq
sports,uci,1522566000000,1519891200000,0,0,eq
sports,uci,1519891200000,1517472000000,7,0,eq
sports,uci,1517472000000,1514793600000,6,0,eq
sports,uci,1514793600000,1512115200000,6,0,eq
sports,uci,1512115200000,1509519600000,2,0,eq
sports,uci,1509519600000,1506841200000,3,0,eq
sports,uci,1506841200000,1504249200000,11,0,eq
sports,uci,1504249200000,1501570800000,4,0,eq
sports,uci,1501570800000,1498892400000,7,0,eq
sports,uci,1498892400000,1496300400000,2,0,eq
sports,uci,1496300400000,1493622000000,4,0,eq
sports,uci,1493622000000,1491030000000,2,0,eq
sports,uci,1491030000000,1488355200000,12,0,eq
sports,uci,1488355200000,1485936000000,8,0,eq
sports,uci,1485936000000,1483257600000,3,0,eq
sports,uci,1483257600000,1480579200000,0,0,eq
sports,uci,1480579200000,1477983600000,1,0,eq
sports,uci,1477983600000,1475305200000,4,0,eq
sports,uci,1475305200000,1472713200000,13,0,eq
sports,uci,1472713200000,1470034800000,1,0,eq
sports,uci,1470034800000,1467356400000,3,0,eq
sports,uci,1467356400000,1464764400000,0,0,eq
sports,uci,1464764400000,1462086000000,2,0,eq
sports,uci,1462086000000,1459494000000,5,0,eq
sports,uci,1459494000000,1456819200000,7,0,eq
sports,uci,1456819200000,1454313600000,5,0,eq
sports,uci,1454313600000,1451635200000,2,0,eq
sports,uci,1451635200000,1448956800000,2,0,eq
sports,uci,1448956800000,1446361200000,0,0,eq
sports,uci,1446361200000,1443682800000,2,0,eq
sports,uci,1443682800000,1441090800000,3,0,eq
sports,uci,1441090800000,1438412400000,7,0,eq
sports,uci,1438412400000,1435734000000,0,0,eq
sports,uci,1435734000000,1433142000000,0,0,eq
sports,uci,1433142000000,1430463600000,3,0,eq
sports,uci,1430463600000,1427871600000,1,0,eq
sports,uci,1427871600000,1425196800000,3,0,eq
sports,uci,1425196800000,1422777600000,0,0,eq
sports,uci,1422777600000,1420099200000,0,0,eq
sports,uci,1420099200000,1417420800000,0,0,eq
sports,uci,1417420800000,1414825200000,1,0,eq
sports,uci,1414825200000,1412146800000,0,0,eq
sports,uci,1412146800000,1409554800000,8,0,eq
sports,uci,1409554800000,1406876400000,3,0,eq
sports,uci,1406876400000,1404198000000,0,0,eq
sports,uci,1404198000000,1401606000000,1,0,eq
sports,uci,1401606000000,1398927600000,0,0,eq
sports,uci,1398927600000,1396335600000,0,0,eq
sports,uci,1396335600000,1393660800000,7,0,eq
sports,uci,1393660800000,1391241600000,10,0,eq
sports,uci,1391241600000,1388563200000,4,0,eq
sports,uci,1388563200000,1385884800000,0,0,eq
sports,uci,1385884800000,1383289200000,0,0,eq
sports,uci,1383289200000,1380610800000,1,0,eq
sports,uci,1380610800000,1378018800000,0,0,eq
sports,uci,1378018800000,1375340400000,0,0,eq
sports,uci,1375340400000,1372662000000,1,0,eq
sports,uci,1372662000000,1370070000000,0,0,eq
sports,uci,1370070000000,1367391600000,1,0,eq
sports,uci,1367391600000,1364799600000,8,0,eq
sports,uci,1364799600000,1362124800000,1,0,eq
sports,uci,1362124800000,1359705600000,0,0,eq
sports,uci,1359705600000,1357027200000,2,0,eq
sports,uci,1357027200000,1354348800000,0,0,eq
sports,uci,1354348800000,1351753200000,0,0,eq
sports,uci,1351753200000,1349074800000,1,0,eq
sports,uci,1349074800000,1346482800000,2,0,eq
sports,uci,1346482800000,1343804400000,1,0,eq
sports,uci,1343804400000,1341126000000,1,0,eq
sports,uci,1341126000000,1338534000000,0,0,eq
sports,uci,1338534000000,1335855600000,0,0,eq
sports,uci,1335855600000,1333263600000,2,0,eq
sports,uci,1333263600000,1330588800000,0,0,eq
sports,uci,1330588800000,1328083200000,1,0,eq
sports,uci,1328083200000,1325404800000,1,0,eq
sports,uci,1325404800000,1322726400000,0,0,eq
sports,uci,1322726400000,1320130800000,0,0,eq
sports,uci,1320130800000,1317452400000,0,0,eq
sports,uci,1317452400000,1314860400000,3,0,eq
sports,uci,1314860400000,1312182000000,7,0,eq
sports,uci,1312182000000,1309503600000,0,0,eq
sports,uci,1309503600000,1306911600000,0,0,eq
sports,uci,1306911600000,1304233200000,0,0,eq
sports,uci,1304233200000,1301641200000,0,0,eq
sports,uci,1301641200000,1298966400000,0,0,eq
sports,uci,1298966400000,1296547200000,0,0,eq
sports,uci,1296547200000,1293868800000,0,0,eq
sports,uci,1293868800000,1291190400000,0,0,eq
sports,uci,1291190400000,1288594800000,0,0,eq
sports,uci,1288594800000,1285916400000,1,0,eq
sports,uci,1285916400000,1283324400000,0,0,eq
sports,uci,1283324400000,1280646000000,0,0,eq
sports,uci,1280646000000,1277967600000,0,0,eq
sports,uci,1277967600000,1275375600000,0,0,eq
sports,uci,1275375600000,1272697200000,0,0,eq
sports,uci,1272697200000,1270105200000,0,0,eq
sports,uci,1270105200000,1267430400000,0,0,eq
sports,uci,1267430400000,1265011200000,0,0,eq
sports,uci,1265011200000,1262332800000,0,0,eq
